ID,PlanID,QuarterID,YearID,CourseID
1,1,4,2016,498
2,1,1,2016,914
3,1,1,2016,519
4,1,1,2016,784
5,1,2,2017,1101
6,1,2,2017,521
7,1,2,2017,1093
8,1,3,2017,1102
9,1,3,2017,520
10,1,3,2017,512
11,2,4,2017,507
12,2,1,2017,508
13,2,1,2017,520
14,2,2,2018,516
15,2,2,2018,513
16,2,2,2018,519
17,2,3,2018,521
18,2,3,2018,511
19,2,3,2018,512
20,2,4,2018,517
21,2,4,2018,513
22,3,3,2016,921
23,3,3,2016,1246
24,3,3,2016,507
25,3,4,2016,922
26,3,4,2016,268
27,3,4,2016,498
28,3,1,2016,924
29,3,1,2016,1100
30,3,1,2016,518
31,3,1,2016,516
32,3,2,2017,926
33,3,2,2017,1101
34,3,2,2017,1093
35,3,2,2017,519
36,3,2,2017,513
37,3,3,2017,913
38,3,3,2017,1102
39,3,3,2017,521
40,3,3,2017,512
41,3,4,2017,914
42,4,1,2017,913
43,4,1,2017,507
44,4,1,2017,508
45,4,2,2018,519
46,4,2,2018,513
47,4,2,2018,517
48,4,3,2018,521
49,4,3,2018,520
50,4,3,2018,511
51,5,4,2017,914
52,5,4,2017,517
53,5,1,2017,519
54,5,1,2017,520
55,5,1,2017,508
56,5,2,2018,513
57,5,2,2018,516
58,5,2,2018,512
59,5,2,2018,401
60,5,3,2018,521
61,5,3,2018,511
62,6,3,2015,493
63,6,3,2015,916
64,6,3,2015,264
65,6,1,2015,919
66,6,1,2015,191
67,6,1,2015,265
68,6,2,2016,1133
69,6,2,2016,199
70,6,2,2016,322
71,6,3,2016,200
72,6,3,2016,1134
73,6,3,2016,323
74,6,1,2016,201
75,6,1,2016,1155
76,6,1,2016,784
77,7,3,2015,493
78,7,3,2015,1133
79,7,3,2015,264
80,7,1,2015,322
81,7,1,2015,1134
82,7,1,2015,191
83,7,2,2016,199
84,7,3,2016,200
85,7,4,2016,919
86,7,1,2016,201
87,8,3,2017,926
88,8,3,2017,502
89,8,3,2017,271
90,8,3,2017,1094
91,8,1,2017,1100
92,8,1,2017,924
93,8,1,2017,505
94,8,2,2018,926
95,8,2,2018,507
96,8,2,2018,1101
97,8,3,2018,518
98,8,3,2018,1102
99,9,3,2015,921
100,9,3,2015,1170
101,9,2,2016,264
102,9,2,2016,1133
103,10,2,2018,916
104,10,2,2018,266
105,10,2,2018,492
106,10,3,2018,917
107,10,3,2018,1071
108,10,3,2018,1133
109,10,4,2018,921
110,10,1,2018,193
111,10,1,2018,1246
112,10,2,2019,268
113,10,2,2019,195
114,10,3,2019,197
115,10,3,2019,269
116,10,4,2019,199
117,10,1,2019,270
118,10,1,2019,200
119,10,2,2020,271
120,10,3,2020,272
121,10,3,2020,201
122,10,4,2020,400
123,10,4,2020,322
124,11,3,2017,1246
125,11,3,2017,367
126,11,4,2017,268
127,11,4,2017,516
128,11,1,2017,1100
129,11,1,2017,508
130,11,1,2017,512
131,11,2,2018,1101
132,11,2,2018,513
133,11,2,2018,517
134,11,2,2018,510
135,11,3,2018,1102
136,11,3,2018,520
137,11,3,2018,921
138,12,1,2016,914
139,12,1,2016,1100
140,12,1,2016,518
141,12,2,2017,913
142,12,2,2017,1101
143,12,2,2017,519
144,12,3,2017,513
145,12,3,2017,1102
146,12,3,2017,521
147,12,3,2017,912
148,13,2,2014,916
149,13,2,2014,505
150,13,2,2014,266
151,13,3,2014,917
152,13,3,2014,1246
153,13,4,2014,921
154,13,4,2014,1094
155,13,1,2014,922
156,13,1,2014,268
157,13,1,2014,507
158,13,1,2014,498
159,13,2,2015,924
160,13,2,2015,1100
161,13,3,2015,926
162,13,3,2015,1101
163,13,3,2015,518
164,13,1,2015,1102
165,13,1,2015,519
166,13,1,2015,520
167,13,2,2016,914
168,13,2,2016,521
169,13,3,2016,913
170,13,3,2016,513
171,14,2,2014,917
172,14,2,2014,1246
173,14,3,2014,268
174,14,3,2014,323
175,14,4,2014,507
176,14,1,2014,921
177,14,1,2014,1094
178,14,1,2014,1093
179,14,2,2015,922
180,14,2,2015,1100
181,14,3,2015,924
182,14,3,2015,1101
183,14,4,2015,498
184,14,4,2015,401
185,14,1,2015,1102
186,14,1,2015,518
187,14,2,2016,913
188,14,2,2016,519
189,14,3,2016,914
190,14,3,2016,521
191,14,3,2016,512
192,14,1,2016,516
193,14,2,2017,513
194,14,3,2017,511
195,14,3,2017,517
196,15,4,2018,321
197,15,4,2018,1076
198,15,4,2018,109
199,15,3,2019,160
200,15,4,2019,322
201,16,1,2016,921
202,16,1,2016,516
203,16,2,2017,922
204,16,2,2017,1100
205,16,2,2017,507
206,16,3,2017,924
207,16,3,2017,518
208,16,3,2017,1093
209,16,4,2017,1246
210,16,4,2017,268
211,16,1,2017,926
212,16,1,2017,1101
213,16,1,2017,519
214,16,2,2018,914
215,16,2,2018,1102
216,16,2,2018,521
217,16,2,2018,512
218,16,3,2018,913
219,16,3,2018,520
220,16,3,2018,513
221,16,4,2018,517
222,16,4,2018,510
223,16,1,2018,508
224,16,2,2019,511
225,17,1,2014,917
226,17,1,2014,266
227,17,1,2014,505
228,17,2,2015,921
229,17,2,2015,1246
230,17,2,2015,1094
231,17,3,2015,922
232,17,3,2015,268
233,17,3,2015,1100
234,17,3,2015,507
235,17,4,2015,516
236,17,4,2015,498
237,17,1,2015,924
238,17,1,2015,1101
239,17,1,2015,518
240,17,1,2015,520
241,17,2,2016,926
242,17,2,2016,1102
243,17,2,2016,519
244,17,2,2016,511
245,17,3,2016,913
246,17,3,2016,521
247,17,3,2016,512
248,17,3,2016,513
249,17,4,2016,914
250,18,2,2018,516
251,18,2,2018,517
252,18,3,2018,914
253,18,3,2018,520
254,18,3,2018,513
255,19,2,2016,922
256,19,2,2016,1100
257,19,2,2016,505
258,19,3,2016,924
259,19,3,2016,1100
260,19,3,2016,507
261,19,3,2016,1093
262,19,4,2016,498
263,19,1,2016,926
264,19,1,2016,1101
265,19,1,2016,516
266,19,2,2017,913
267,19,2,2017,1102
268,19,3,2017,914
269,19,3,2017,518
270,19,3,2017,266
271,19,4,2017,1246
272,19,4,2017,401
273,19,1,2017,521
274,19,1,2017,508
275,19,1,2017,268
276,19,2,2018,513
277,19,2,2018,517
278,19,2,2018,519
279,19,3,2018,511
280,19,3,2018,512
281,19,3,2018,520
282,20,2,2018,922
283,20,2,2018,266
284,20,2,2018,507
285,20,2,2018,401
286,20,3,2018,924
287,20,3,2018,1246
288,20,3,2018,1100
289,20,1,2018,926
290,20,1,2018,518
291,20,1,2018,1101
292,20,1,2018,1093
293,20,2,2019,914
294,20,2,2019,1102
295,20,2,2019,519
296,20,2,2019,513
297,20,3,2019,913
298,20,3,2019,520
299,20,3,2019,521
300,21,2,2018,917
301,21,2,2018,493
302,21,2,2018,343
303,21,3,2018,921
304,21,3,2018,349
305,21,3,2018,1246
306,21,4,2018,922
307,21,4,2018,1094
308,21,1,2018,919
309,21,1,2018,344
310,21,1,2018,1329
311,21,1,2018,1100
312,21,2,2019,711
313,21,2,2019,400
314,21,3,2019,347
315,22,3,2015,921
316,22,3,2015,1170
317,22,3,2015,782
318,22,2,2016,264
319,22,2,2016,1133
320,23,2,2018,917
321,23,2,2018,268
322,23,2,2018,490
323,23,3,2018,921
324,23,3,2018,1094
325,23,3,2018,505
326,23,4,2018,922
327,23,4,2018,498
328,23,1,2018,924
329,23,1,2018,1097
330,23,1,2018,507
331,23,2,2019,913
332,23,2,2019,1101
333,23,2,2019,1093
334,23,2,2019,518
335,23,3,2019,914
336,23,3,2019,1102
337,23,3,2019,519
338,23,1,2019,926
339,23,1,2019,521
340,23,2,2020,520
341,23,2,2020,513
342,24,2,2018,350
343,24,2,2018,490
344,24,3,2018,345
345,24,3,2018,924
346,24,1,2018,400
347,24,1,2018,1246
348,24,2,2019,492
349,24,2,2019,919
350,24,3,2019,1094
351,25,2,2018,922
352,25,2,2018,1246
353,25,2,2018,507
354,25,3,2018,924
355,25,3,2018,268
356,25,3,2018,1100
357,25,3,2018,1093
358,25,4,2018,926
359,25,1,2018,914
360,25,1,2018,349
361,25,2,2019,913
362,25,2,2019,1102
363,25,2,2019,344
364,25,2,2019,1329
365,25,3,2019,518
366,25,3,2019,509
367,25,3,2019,513
368,25,4,2019,517
369,25,4,2019,401
370,26,2,2018,922
371,26,2,2018,492
372,26,2,2018,505
373,26,3,2018,924
374,26,4,2018,349
375,26,1,2018,925
376,26,2,2019,926
377,26,4,2019,344
378,26,4,2019,1329
379,26,1,2019,920
380,27,2,2018,917
381,27,2,2018,349
382,27,2,2018,490
383,27,3,2018,921
384,27,3,2018,344
385,27,3,2018,1329
386,27,3,2018,492
387,27,4,2018,922
388,27,4,2018,919
389,28,2,2018,916
390,28,2,2018,266
391,28,2,2018,492
392,28,3,2018,917
393,28,3,2018,1071
394,28,3,2018,1133
395,28,4,2018,921
396,28,1,2018,191
397,28,1,2018,1246
398,28,2,2019,268
399,28,2,2019,195
400,28,3,2019,197
401,28,3,2019,269
402,28,4,2019,199
403,28,1,2019,270
404,28,1,2019,200
405,28,2,2020,271
406,28,3,2020,272
407,28,3,2020,201
408,28,4,2020,400
409,28,4,2020,322
410,28,4,2020,323
411,29,2,2018,922
412,29,2,2018,507
413,29,3,2018,349
414,29,3,2018,1100
415,29,3,2018,924
416,29,4,2018,926
417,29,1,2018,509
418,29,1,2018,913
419,29,1,2018,1101
420,29,2,2019,914
421,29,2,2019,1102
422,29,2,2019,518
423,29,3,2019,517
424,29,3,2019,510
425,29,3,2019,513
426,30,1,2017,502
427,30,1,2017,924
428,30,1,2017,343
429,30,2,2018,349
430,30,2,2018,1094
431,30,3,2018,344
432,30,3,2018,1329
433,30,3,2018,492
434,30,3,2018,1100
435,30,1,2018,190
436,30,1,2018,400
437,30,2,2019,919
438,30,3,2019,347
439,30,3,2019,913
440,31,2,2018,917
441,31,2,2018,1246
442,31,2,2018,604
443,31,3,2018,921
444,31,3,2018,268
445,31,3,2018,1094
446,31,4,2018,922
447,31,1,2018,924
448,31,1,2018,1100
449,31,1,2018,505
450,31,2,2019,926
451,31,2,2019,492
452,31,2,2019,1101
453,31,2,2019,1093
454,31,3,2019,1102
455,31,3,2019,712
456,31,4,2019,914
457,31,4,2019,516
458,31,1,2019,508
459,31,1,2019,507
460,31,1,2019,518
461,31,2,2020,519
462,31,2,2020,513
463,31,2,2020,913
464,31,3,2020,521
465,31,3,2020,517
466,31,3,2020,1068
467,32,2,2018,921
468,32,2,2018,490
469,32,2,2018,343
470,32,3,2018,922
471,32,3,2018,349
472,32,3,2018,1094
473,32,4,2018,400
474,32,4,2018,1075
475,32,1,2018,344
476,32,1,2018,1329
477,32,1,2018,924
478,32,1,2018,1100
479,32,2,2019,913
480,32,2,2019,1101
481,32,3,2019,347
482,32,3,2019,784
483,32,3,2019,492
484,32,3,2019,1102
485,33,2,2018,916
486,33,2,2018,490
487,33,2,2018,266
488,33,2,2018,1093
489,33,3,2018,917
490,33,3,2018,505
491,33,3,2018,1246
492,33,4,2018,921
493,33,4,2018,1094
494,33,4,2018,507
495,33,1,2018,922
496,33,1,2018,1100
497,33,1,2018,349
498,33,2,2019,924
499,33,2,2019,1101
500,33,2,2019,344
501,33,2,2019,1329
502,33,3,2019,926
503,33,3,2019,1102
504,33,3,2019,913
505,33,4,2019,914
506,33,4,2019,517
507,34,4,2017,917
508,34,4,2017,711
509,34,1,2017,899
510,34,1,2017,505
511,34,1,2017,266
512,34,2,2018,921
513,34,2,2018,507
514,34,2,2018,1246
515,34,3,2018,922
516,34,3,2018,401
517,34,3,2018,268
518,34,4,2018,924
519,34,4,2018,1094
520,34,1,2018,1095
521,35,2,2018,916
522,35,2,2018,505
523,35,2,2018,266
524,35,2,2018,498
525,36,2,2018,916
526,36,2,2018,343
527,36,2,2018,492
528,36,3,2018,917
529,36,3,2018,349
530,36,3,2018,1076
531,36,1,2018,921
532,36,1,2018,344
533,36,1,2018,1329
534,36,1,2018,109
535,36,2,2019,922
536,36,2,2019,784
537,36,2,2019,1094
538,36,3,2019,919
539,36,3,2019,347
540,36,3,2019,400
541,37,2,2018,924
542,37,2,2018,492
543,37,3,2018,345
544,37,3,2018,913
545,37,1,2018,1100
546,37,1,2018,784
547,38,2,2018,921
548,38,2,2018,266
549,38,2,2018,505
550,38,3,2018,922
551,38,3,2018,1246
552,38,3,2018,507
553,38,1,2018,924
554,38,1,2018,1094
555,38,1,2018,349
556,38,2,2019,913
557,38,2,2019,1097
558,38,2,2019,344
559,38,2,2019,1329
560,38,3,2019,914
561,38,3,2019,1101
562,38,3,2019,1093
563,38,1,2019,926
564,38,1,2019,1102
565,38,1,2019,509
566,38,2,2020,517
567,38,2,2020,513
568,38,3,2020,510
569,38,3,2020,518
570,39,1,2017,855
571,39,1,2017,858
572,39,1,2017,502
573,39,2,2018,859
574,39,2,2018,854
575,39,2,2018,865
576,39,3,2018,856
577,39,3,2018,864
578,39,3,2018,286
579,39,4,2018,867
580,39,1,2018,343
581,39,1,2018,857
582,39,1,2018,1074
583,39,2,2019,349
584,39,2,2019,861
585,40,2,2018,922
586,40,2,2018,1093
587,40,2,2018,505
588,40,2,2018,498
589,40,3,2018,924
590,40,3,2018,1100
591,40,3,2018,507
592,40,1,2018,913
593,40,1,2018,518
594,40,1,2018,1101
595,40,2,2019,914
596,40,2,2019,519
597,40,2,2019,1102
598,40,3,2019,521
599,40,3,2019,1246
600,40,1,2019,268
601,41,2,2018,917
602,41,2,2018,266
603,41,2,2018,516
604,41,3,2018,921
605,41,3,2018,1246
606,41,3,2018,507
607,41,3,2018,401
608,41,4,2018,922
609,41,4,2018,1094
610,41,4,2018,482
611,41,1,2018,924
612,41,1,2018,518
613,41,1,2018,1100
614,41,2,2019,268
615,41,2,2019,1101
616,41,2,2019,519
617,41,2,2019,926
618,41,3,2019,913
619,41,3,2019,1102
620,41,3,2019,521
621,41,3,2019,513
622,41,4,2019,914
623,42,2,2018,490
624,42,2,2018,401
625,42,3,2018,916
626,42,3,2018,266
627,42,3,2018,505
628,42,4,2018,917
629,42,4,2018,1094
630,42,4,2018,349
631,42,1,2018,921
632,42,1,2018,1246
633,42,1,2018,507
634,42,2,2019,922
635,42,2,2019,509
636,42,2,2019,1093
637,42,3,2019,924
638,42,3,2019,1100
639,42,3,2019,344
640,42,3,2019,1329
641,42,4,2019,926
642,42,1,2019,914
643,42,1,2019,1101
644,42,1,2019,518
645,42,2,2020,913
646,42,2,2020,1102
647,42,2,2020,511
648,42,3,2020,517
649,42,3,2020,510
650,42,3,2020,513
651,43,1,2017,902
652,43,1,2017,266
653,43,2,2018,916
654,43,2,2018,505
655,43,2,2018,1246
656,43,3,2018,917
657,43,3,2018,268
658,43,3,2018,1094
659,43,4,2018,921
660,43,1,2018,922
661,43,1,2018,507
662,43,1,2018,1100
663,43,1,2018,1093
664,43,2,2019,924
665,43,2,2019,1101
666,43,3,2019,926
667,43,3,2019,1102
668,43,3,2019,518
669,43,1,2019,913
670,43,1,2019,519
671,43,1,2019,516
672,43,2,2020,521
673,43,3,2020,517
674,44,2,2018,902
675,44,2,2018,514
676,44,3,2018,916
677,44,3,2018,514
678,44,4,2018,917
679,44,1,2018,921
680,44,1,2018,1094
681,44,1,2018,498
682,44,2,2019,922
683,44,2,2019,1101
684,44,3,2019,924
685,44,3,2019,1093
686,44,4,2019,266
687,44,1,2019,926
688,44,1,2019,1102
689,44,2,2020,913
690,44,2,2020,518
691,44,3,2020,914
692,44,3,2020,519
693,44,1,2020,521
694,44,2,2021,1246
695,44,3,2021,268
696,45,1,2017,906
697,45,1,2017,502
698,45,1,2017,490
699,45,2,2018,916
700,45,2,2018,498
701,45,3,2018,917
702,46,1,2017,897
703,46,1,2017,502
704,46,1,2017,498
705,46,2,2018,901
706,46,3,2018,902
707,46,4,2018,916
708,46,1,2018,917
709,47,2,2018,906
710,47,2,2018,490
711,47,3,2018,916
712,47,3,2018,266
713,47,3,2018,505
714,47,1,2018,917
715,47,1,2018,1246
716,47,1,2018,1094
717,47,2,2019,921
718,47,2,2019,507
719,47,2,2019,1246
720,47,3,2019,922
721,47,3,2019,401
722,47,1,2019,924
723,47,1,2019,1100
724,47,2,2020,926
725,47,2,2020,1101
726,47,2,2020,518
727,47,2,2020,1093
728,47,3,2020,913
729,47,3,2020,1102
730,47,3,2020,519
731,47,1,2020,914
732,48,2,2018,490
733,48,2,2018,916
734,48,2,2018,1246
735,48,2,2018,1093
736,48,3,2018,917
737,48,3,2018,505
738,48,3,2018,268
739,48,4,2018,921
740,48,4,2018,1094
741,48,1,2018,922
742,48,1,2018,1100
743,48,1,2018,507
744,48,2,2019,924
745,48,2,2019,1101
746,48,2,2019,401
747,48,3,2019,926
748,48,3,2019,1102
749,48,3,2019,518
750,48,4,2019,914
751,48,4,2019,516
752,48,1,2019,913
753,48,1,2019,519
754,48,1,2019,508
755,48,2,2020,521
756,48,2,2020,513
757,48,3,2020,520
758,48,3,2020,511
759,48,3,2020,517
760,52,2,2018,917
761,52,2,2018,343
762,52,3,2018,921
763,52,3,2018,349
764,52,4,2018,922
765,52,1,2018,919
766,52,1,2018,344
767,52,1,2018,1329
768,52,1,2018,1100
769,52,3,2019,347
770,56,2,2018,490
771,60,2,2018,917
772,60,2,2018,343
773,60,3,2018,921
774,60,3,2018,349
775,60,4,2018,922
776,60,1,2018,919
777,60,1,2018,344
778,60,1,2018,1329
779,60,1,2018,1100
780,60,3,2019,347
781,64,2,2018,490
782,68,2,2018,917
783,68,2,2018,343
784,68,3,2018,921
785,68,3,2018,349
786,68,4,2018,922
787,68,1,2018,919
788,68,1,2018,344
789,68,1,2018,1329
790,68,1,2018,1100
791,68,3,2019,347
792,72,2,2018,490
793,76,2,2018,917
794,76,2,2018,343
795,76,3,2018,921
796,76,3,2018,349
797,76,4,2018,922
798,76,1,2018,919
799,76,1,2018,344
800,76,1,2018,1329
801,76,1,2018,1100
802,76,3,2019,347
803,80,2,2018,490
804,84,2,2018,917
805,84,2,2018,343
806,84,3,2018,921
807,84,3,2018,349
808,84,4,2018,922
809,84,1,2018,919
810,84,1,2018,344
811,84,1,2018,1329
812,84,1,2018,1100
813,84,3,2019,347
814,86,2,2018,490
815,90,4,2016,498
816,90,1,2016,914
817,90,1,2016,519
818,90,1,2016,784
819,90,2,2017,1101
820,90,2,2017,521
821,90,2,2017,1093
822,90,3,2017,1102
823,90,3,2017,520
824,90,3,2017,512
825,94,4,2017,507
826,94,1,2017,508
827,94,1,2017,520
828,94,2,2018,516
829,94,2,2018,513
830,94,2,2018,519
831,94,3,2018,521
832,94,3,2018,511
833,94,3,2018,512
834,94,4,2018,517
835,94,4,2018,513
836,95,3,2016,921
837,95,3,2016,1246
838,95,3,2016,507
839,95,4,2016,922
840,95,4,2016,268
841,95,4,2016,498
842,95,1,2016,924
843,95,1,2016,1100
844,95,1,2016,518
845,95,1,2016,516
846,95,2,2017,926
847,95,2,2017,1101
848,95,2,2017,1093
849,95,2,2017,519
850,95,2,2017,513
851,95,3,2017,913
852,95,3,2017,1102
853,95,3,2017,521
854,95,3,2017,512
855,95,4,2017,914
856,99,1,2017,913
857,99,1,2017,507
858,99,1,2017,508
859,99,2,2018,519
860,99,2,2018,513
861,99,2,2018,517
862,99,3,2018,521
863,99,3,2018,520
864,99,3,2018,511
865,99,1,2018,512
866,100,4,2017,914
867,100,4,2017,517
868,100,4,2017,510
869,100,1,2017,519
870,100,1,2017,520
871,100,1,2017,508
872,100,2,2018,513
873,100,2,2018,516
874,100,2,2018,512
875,100,2,2018,401
876,100,3,2018,521
877,100,3,2018,511
878,104,3,2015,493
879,104,3,2015,916
880,104,3,2015,264
881,104,1,2015,919
882,104,1,2015,191
883,104,1,2015,265
884,104,2,2016,1133
885,104,2,2016,199
886,104,2,2016,322
887,104,3,2016,200
888,104,3,2016,1134
889,104,3,2016,323
890,104,1,2016,201
891,104,1,2016,1155
892,104,1,2016,784
893,105,3,2015,493
894,105,3,2015,1133
895,105,3,2015,264
896,105,1,2015,322
897,105,1,2015,1134
898,105,1,2015,191
899,105,2,2016,199
900,105,3,2016,200
901,105,4,2016,919
902,105,1,2016,201
903,109,3,2017,926
904,109,3,2017,502
905,109,3,2017,271
906,109,3,2017,1094
907,109,3,2017,195
908,109,1,2017,1100
909,109,1,2017,924
910,109,1,2017,505
911,109,2,2018,926
912,109,2,2018,507
913,109,2,2018,1101
914,109,3,2018,518
915,109,3,2018,1102
916,113,3,2015,921
917,113,3,2015,1170
918,113,2,2016,264
919,113,2,2016,1133
920,117,2,2018,916
921,117,2,2018,266
922,117,2,2018,492
923,117,3,2018,917
924,117,3,2018,1071
925,117,3,2018,1133
926,117,4,2018,921
927,117,1,2018,193
928,117,1,2018,1246
929,117,2,2019,268
930,117,2,2019,195
931,117,3,2019,197
932,117,3,2019,269
933,117,4,2019,199
934,117,1,2019,270
935,117,1,2019,200
936,117,2,2020,271
937,117,3,2020,272
938,117,3,2020,201
939,117,4,2020,400
940,117,4,2020,322
941,121,3,2017,1246
942,121,3,2017,367
943,121,4,2017,268
944,121,4,2017,516
945,121,1,2017,1100
946,121,1,2017,508
947,121,2,2018,1101
948,121,2,2018,513
949,121,2,2018,517
950,121,3,2018,1102
951,121,3,2018,921
952,125,1,2016,914
953,125,1,2016,1100
954,125,1,2016,518
955,125,2,2017,913
956,125,2,2017,1101
957,125,2,2017,519
958,125,3,2017,513
959,125,3,2017,1102
960,125,3,2017,521
961,125,3,2017,912
962,129,2,2014,916
963,129,2,2014,505
964,129,2,2014,266
965,129,3,2014,917
966,129,3,2014,1246
967,129,4,2014,921
968,129,4,2014,1094
969,129,1,2014,922
970,129,1,2014,268
971,129,1,2014,507
972,129,2,2015,924
973,129,2,2015,1100
974,129,3,2015,926
975,129,3,2015,1101
976,129,3,2015,518
977,129,1,2015,1102
978,129,1,2015,519
979,129,1,2015,520
980,129,2,2016,914
981,129,2,2016,521
982,129,3,2016,913
983,129,3,2016,513
984,133,2,2014,917
985,133,2,2014,1246
986,133,3,2014,268
987,133,3,2014,323
988,133,1,2014,921
989,133,1,2014,1093
990,133,2,2015,922
991,133,2,2015,1100
992,133,3,2015,924
993,133,3,2015,1101
994,133,4,2015,498
995,133,4,2015,401
996,133,1,2015,1102
997,133,1,2015,518
998,133,2,2016,913
999,133,2,2016,519
1000,133,3,2016,914
1001,133,3,2016,521
1002,133,3,2016,512
1003,133,1,2016,516
1004,133,2,2017,513
1005,133,3,2017,511
1006,133,3,2017,517
1007,137,4,2018,321
1008,137,4,2018,1076
1009,137,4,2018,109
1010,137,3,2019,160
1011,137,4,2019,322
1012,141,1,2016,921
1013,141,1,2016,516
1014,141,2,2017,922
1015,141,2,2017,1100
1016,141,2,2017,507
1017,141,3,2017,924
1018,141,3,2017,518
1019,141,3,2017,1093
1020,141,4,2017,1246
1021,141,4,2017,268
1022,141,1,2017,926
1023,141,1,2017,1101
1024,141,1,2017,519
1025,141,2,2018,914
1026,141,2,2018,1102
1027,141,2,2018,521
1028,141,2,2018,512
1029,141,3,2018,913
1030,141,3,2018,520
1031,141,3,2018,513
1032,141,4,2018,517
1033,141,4,2018,510
1034,141,1,2018,508
1035,141,2,2019,511
1036,145,1,2014,917
1037,145,1,2014,266
1038,145,1,2014,505
1039,145,2,2015,921
1040,145,2,2015,1246
1041,145,2,2015,1094
1042,145,3,2015,922
1043,145,3,2015,268
1044,145,3,2015,1100
1045,145,3,2015,507
1046,145,4,2015,516
1047,145,4,2015,498
1048,145,1,2015,924
1049,145,1,2015,1101
1050,145,1,2015,518
1051,145,1,2015,520
1052,145,2,2016,926
1053,145,2,2016,1102
1054,145,2,2016,519
1055,145,2,2016,511
1056,145,3,2016,913
1057,145,3,2016,521
1058,145,3,2016,512
1059,145,3,2016,513
1060,145,4,2016,914
1061,146,2,2018,516
1062,146,2,2018,517
1063,146,3,2018,914
1064,146,3,2018,520
1065,146,3,2018,513
1066,150,2,2016,922
1067,150,2,2016,1100
1068,150,2,2016,505
1069,150,3,2016,924
1070,150,3,2016,1100
1071,150,3,2016,507
1072,150,3,2016,1093
1073,150,4,2016,498
1074,150,1,2016,926
1075,150,1,2016,1101
1076,150,1,2016,516
1077,150,2,2017,913
1078,150,2,2017,1102
1079,150,3,2017,914
1080,150,3,2017,518
1081,150,3,2017,266
1082,150,4,2017,1246
1083,150,4,2017,401
1084,150,1,2017,521
1085,150,1,2017,508
1086,150,1,2017,268
1087,150,2,2018,513
1088,150,2,2018,517
1089,150,2,2018,519
1090,150,3,2018,511
1091,150,3,2018,512
1092,150,3,2018,520
1093,154,2,2018,922
1094,154,2,2018,266
1095,154,2,2018,507
1096,154,3,2018,924
1097,154,3,2018,1246
1098,154,3,2018,1100
1099,154,1,2018,926
1100,154,1,2018,518
1101,154,1,2018,1101
1102,154,1,2018,1093
1103,154,2,2019,1102
1104,154,2,2019,519
1105,154,2,2019,513
1106,154,3,2019,913
1107,154,3,2019,520
1108,154,3,2019,521
1109,158,2,2018,917
1110,158,2,2018,343
1111,158,3,2018,921
1112,158,3,2018,349
1113,158,4,2018,922
1114,158,1,2018,919
1115,158,1,2018,344
1116,158,1,2018,1329
1117,158,1,2018,1100
1118,158,3,2019,347
1119,160,2,2018,490
1120,164,4,2016,498
1121,164,1,2016,914
1122,164,1,2016,519
1123,164,1,2016,784
1124,164,2,2017,1101
1125,164,2,2017,521
1126,164,2,2017,1093
1127,164,3,2017,1102
1128,164,3,2017,520
1129,164,3,2017,512
1130,168,4,2017,507
1131,168,1,2017,508
1132,168,1,2017,520
1133,168,2,2018,516
1134,168,2,2018,513
1135,168,2,2018,519
1136,168,3,2018,521
1137,168,3,2018,511
1138,168,3,2018,512
1139,168,4,2018,517
1140,168,4,2018,513
1141,169,3,2016,921
1142,169,3,2016,1246
1143,169,3,2016,507
1144,169,4,2016,922
1145,169,4,2016,268
1146,169,4,2016,498
1147,169,1,2016,924
1148,169,1,2016,1100
1149,169,1,2016,518
1150,169,1,2016,516
1151,169,2,2017,926
1152,169,2,2017,1101
1153,169,2,2017,1093
1154,169,2,2017,519
1155,169,2,2017,513
1156,169,3,2017,913
1157,169,3,2017,1102
1158,169,3,2017,521
1159,169,3,2017,512
1160,169,4,2017,914
1161,173,1,2017,913
1162,173,1,2017,507
1163,173,1,2017,508
1164,173,2,2018,519
1165,173,2,2018,513
1166,173,2,2018,517
1167,173,3,2018,521
1168,173,3,2018,520
1169,173,3,2018,511
1170,173,1,2018,512
1171,174,4,2017,914
1172,174,4,2017,517
1173,174,4,2017,510
1174,174,1,2017,519
1175,174,1,2017,520
1176,174,1,2017,508
1177,174,2,2018,513
1178,174,2,2018,516
1179,174,2,2018,512
1180,174,2,2018,401
1181,174,3,2018,521
1182,174,3,2018,511
1183,178,3,2015,493
1184,178,3,2015,916
1185,178,3,2015,264
1186,178,1,2015,919
1187,178,1,2015,191
1188,178,1,2015,265
1189,178,2,2016,1133
1190,178,2,2016,199
1191,178,2,2016,322
1192,178,3,2016,200
1193,178,3,2016,1134
1194,178,3,2016,323
1195,178,1,2016,201
1196,178,1,2016,1155
1197,178,1,2016,784
1198,179,3,2015,493
1199,179,3,2015,1133
1200,179,3,2015,264
1201,179,1,2015,322
1202,179,1,2015,1134
1203,179,1,2015,191
1204,179,2,2016,199
1205,179,3,2016,200
1206,179,4,2016,919
1207,179,1,2016,201
1208,183,3,2017,926
1209,183,3,2017,502
1210,183,3,2017,271
1211,183,3,2017,1094
1212,183,3,2017,195
1213,183,1,2017,1100
1214,183,1,2017,924
1215,183,1,2017,505
1216,183,2,2018,926
1217,183,2,2018,507
1218,183,2,2018,1101
1219,183,3,2018,518
1220,183,3,2018,1102
1221,187,3,2015,921
1222,187,3,2015,1170
1223,187,2,2016,264
1224,187,2,2016,1133
1225,191,2,2018,916
1226,191,2,2018,266
1227,191,2,2018,492
1228,191,3,2018,917
1229,191,3,2018,1071
1230,191,3,2018,1133
1231,191,4,2018,921
1232,191,1,2018,193
1233,191,1,2018,1246
1234,191,2,2019,268
1235,191,2,2019,195
1236,191,3,2019,197
1237,191,3,2019,269
1238,191,4,2019,199
1239,191,1,2019,270
1240,191,1,2019,200
1241,191,2,2020,271
1242,191,3,2020,272
1243,191,3,2020,201
1244,191,4,2020,400
1245,191,4,2020,322
1246,195,3,2017,1246
1247,195,3,2017,367
1248,195,4,2017,268
1249,195,4,2017,516
1250,195,1,2017,1100
1251,195,1,2017,508
1252,195,2,2018,1101
1253,195,2,2018,513
1254,195,2,2018,517
1255,195,3,2018,1102
1256,195,3,2018,921
1257,199,1,2016,914
1258,199,1,2016,1100
1259,199,1,2016,518
1260,199,2,2017,913
1261,199,2,2017,1101
1262,199,2,2017,519
1263,199,3,2017,513
1264,199,3,2017,1102
1265,199,3,2017,521
1266,199,3,2017,912
1267,203,2,2014,916
1268,203,2,2014,505
1269,203,2,2014,266
1270,203,3,2014,917
1271,203,3,2014,1246
1272,203,4,2014,921
1273,203,4,2014,1094
1274,203,1,2014,922
1275,203,1,2014,268
1276,203,1,2014,507
1277,203,2,2015,924
1278,203,2,2015,1100
1279,203,3,2015,926
1280,203,3,2015,1101
1281,203,3,2015,518
1282,203,1,2015,1102
1283,203,1,2015,519
1284,203,1,2015,520
1285,203,2,2016,914
1286,203,2,2016,521
1287,203,3,2016,913
1288,203,3,2016,513
1289,207,2,2014,917
1290,207,2,2014,1246
1291,207,3,2014,268
1292,207,3,2014,323
1293,207,1,2014,921
1294,207,1,2014,1093
1295,207,2,2015,922
1296,207,2,2015,1100
1297,207,3,2015,924
1298,207,3,2015,1101
1299,207,4,2015,498
1300,207,4,2015,401
1301,207,1,2015,1102
1302,207,1,2015,518
1303,207,2,2016,913
1304,207,2,2016,519
1305,207,3,2016,914
1306,207,3,2016,521
1307,207,3,2016,512
1308,207,1,2016,516
1309,207,2,2017,513
1310,207,3,2017,511
1311,207,3,2017,517
1312,211,4,2018,321
1313,211,4,2018,1076
1314,211,4,2018,109
1315,211,3,2019,160
1316,211,4,2019,322
1317,215,1,2016,921
1318,215,1,2016,516
1319,215,2,2017,922
1320,215,2,2017,1100
1321,215,2,2017,507
1322,215,3,2017,924
1323,215,3,2017,518
1324,215,3,2017,1093
1325,215,4,2017,1246
1326,215,4,2017,268
1327,215,1,2017,926
1328,215,1,2017,1101
1329,215,1,2017,519
1330,215,2,2018,914
1331,215,2,2018,1102
1332,215,2,2018,521
1333,215,2,2018,512
1334,215,3,2018,913
1335,215,3,2018,520
1336,215,3,2018,513
1337,215,4,2018,517
1338,215,4,2018,510
1339,215,1,2018,508
1340,215,2,2019,511
1341,219,1,2014,917
1342,219,1,2014,266
1343,219,1,2014,505
1344,219,2,2015,921
1345,219,2,2015,1246
1346,219,2,2015,1094
1347,219,3,2015,922
1348,219,3,2015,268
1349,219,3,2015,1100
1350,219,3,2015,507
1351,219,4,2015,516
1352,219,4,2015,498
1353,219,1,2015,924
1354,219,1,2015,1101
1355,219,1,2015,518
1356,219,1,2015,520
1357,219,2,2016,926
1358,219,2,2016,1102
1359,219,2,2016,519
1360,219,2,2016,511
1361,219,3,2016,913
1362,219,3,2016,521
1363,219,3,2016,512
1364,219,3,2016,513
1365,219,4,2016,914
1366,220,2,2018,516
1367,220,2,2018,517
1368,220,3,2018,914
1369,220,3,2018,520
1370,220,3,2018,513
1371,224,2,2016,922
1372,224,2,2016,1100
1373,224,2,2016,505
1374,224,3,2016,924
1375,224,3,2016,1100
1376,224,3,2016,507
1377,224,3,2016,1093
1378,224,4,2016,498
1379,224,1,2016,926
1380,224,1,2016,1101
1381,224,1,2016,516
1382,224,2,2017,913
1383,224,2,2017,1102
1384,224,3,2017,914
1385,224,3,2017,518
1386,224,3,2017,266
1387,224,4,2017,1246
1388,224,4,2017,401
1389,224,1,2017,521
1390,224,1,2017,508
1391,224,1,2017,268
1392,224,2,2018,513
1393,224,2,2018,517
1394,224,2,2018,519
1395,224,3,2018,511
1396,224,3,2018,512
1397,224,3,2018,520
1398,228,2,2018,922
1399,228,2,2018,266
1400,228,2,2018,507
1401,228,3,2018,924
1402,228,3,2018,1246
1403,228,3,2018,1100
1404,228,1,2018,926
1405,228,1,2018,518
1406,228,1,2018,1101
1407,228,1,2018,1093
1408,228,2,2019,1102
1409,228,2,2019,519
1410,228,2,2019,513
1411,228,3,2019,913
1412,228,3,2019,520
1413,228,3,2019,521
1414,232,2,2018,917
1415,232,2,2018,343
1416,232,3,2018,921
1417,232,3,2018,349
1418,232,4,2018,922
1419,232,1,2018,919
1420,232,1,2018,344
1421,232,1,2018,1329
1422,232,1,2018,1100
1423,232,3,2019,347
1424,234,2,2018,490
1425,238,4,2016,498
1426,238,1,2016,914
1427,238,1,2016,519
1428,238,1,2016,784
1429,238,2,2017,1101
1430,238,2,2017,521
1431,238,2,2017,1093
1432,238,3,2017,1102
1433,238,3,2017,520
1434,238,3,2017,512
1435,242,4,2017,507
1436,242,1,2017,508
1437,242,1,2017,520
1438,242,2,2018,516
1439,242,2,2018,513
1440,242,2,2018,519
1441,242,3,2018,521
1442,242,3,2018,511
1443,242,3,2018,512
1444,242,4,2018,517
1445,242,4,2018,513
1446,243,3,2016,921
1447,243,3,2016,1246
1448,243,3,2016,507
1449,243,4,2016,922
1450,243,4,2016,268
1451,243,4,2016,498
1452,243,1,2016,924
1453,243,1,2016,1100
1454,243,1,2016,518
1455,243,1,2016,516
1456,243,2,2017,926
1457,243,2,2017,1101
1458,243,2,2017,1093
1459,243,2,2017,519
1460,243,2,2017,513
1461,243,3,2017,913
1462,243,3,2017,1102
1463,243,3,2017,521
1464,243,3,2017,512
1465,243,4,2017,914
1466,247,1,2017,913
1467,247,1,2017,507
1468,247,1,2017,508
1469,247,2,2018,519
1470,247,2,2018,513
1471,247,2,2018,517
1472,247,3,2018,521
1473,247,3,2018,520
1474,247,3,2018,511
1475,247,1,2018,512
1476,248,4,2017,914
1477,248,4,2017,517
1478,248,4,2017,510
1479,248,1,2017,519
1480,248,1,2017,520
1481,248,1,2017,508
1482,248,2,2018,513
1483,248,2,2018,516
1484,248,2,2018,512
1485,248,2,2018,401
1486,248,3,2018,521
1487,248,3,2018,511
1488,252,3,2015,493
1489,252,3,2015,916
1490,252,3,2015,264
1491,252,1,2015,919
1492,252,1,2015,191
1493,252,1,2015,265
1494,252,2,2016,1133
1495,252,2,2016,199
1496,252,2,2016,322
1497,252,3,2016,200
1498,252,3,2016,1134
1499,252,3,2016,323
1500,252,1,2016,201
1501,252,1,2016,1155
1502,252,1,2016,784
1503,253,3,2015,493
1504,253,3,2015,1133
1505,253,3,2015,264
1506,253,1,2015,322
1507,253,1,2015,1134
1508,253,1,2015,191
1509,253,2,2016,199
1510,253,3,2016,200
1511,253,4,2016,919
1512,253,1,2016,201
1513,257,3,2017,926
1514,257,3,2017,502
1515,257,3,2017,271
1516,257,3,2017,1094
1517,257,3,2017,195
1518,257,1,2017,1100
1519,257,1,2017,924
1520,257,1,2017,505
1521,257,2,2018,926
1522,257,2,2018,507
1523,257,2,2018,1101
1524,257,3,2018,518
1525,257,3,2018,1102
1526,261,3,2015,921
1527,261,3,2015,1170
1528,261,2,2016,264
1529,261,2,2016,1133
1530,265,2,2018,916
1531,265,2,2018,266
1532,265,2,2018,492
1533,265,3,2018,917
1534,265,3,2018,1071
1535,265,3,2018,1133
1536,265,4,2018,921
1537,265,1,2018,193
1538,265,1,2018,1246
1539,265,2,2019,268
1540,265,2,2019,195
1541,265,3,2019,197
1542,265,3,2019,269
1543,265,4,2019,199
1544,265,1,2019,270
1545,265,1,2019,200
1546,265,2,2020,271
1547,265,3,2020,272
1548,265,3,2020,201
1549,265,4,2020,400
1550,265,4,2020,322
1551,269,3,2017,1246
1552,269,3,2017,367
1553,269,4,2017,268
1554,269,4,2017,516
1555,269,1,2017,1100
1556,269,1,2017,508
1557,269,2,2018,1101
1558,269,2,2018,513
1559,269,2,2018,517
1560,269,3,2018,1102
1561,269,3,2018,921
1562,273,1,2016,914
1563,273,1,2016,1100
1564,273,1,2016,518
1565,273,2,2017,913
1566,273,2,2017,1101
1567,273,2,2017,519
1568,273,3,2017,513
1569,273,3,2017,1102
1570,273,3,2017,521
1571,273,3,2017,912
1572,277,2,2014,916
1573,277,2,2014,505
1574,277,2,2014,266
1575,277,3,2014,917
1576,277,3,2014,1246
1577,277,4,2014,921
1578,277,4,2014,1094
1579,277,1,2014,922
1580,277,1,2014,268
1581,277,1,2014,507
1582,277,2,2015,924
1583,277,2,2015,1100
1584,277,3,2015,926
1585,277,3,2015,1101
1586,277,3,2015,518
1587,277,1,2015,1102
1588,277,1,2015,519
1589,277,1,2015,520
1590,277,2,2016,914
1591,277,2,2016,521
1592,277,3,2016,913
1593,277,3,2016,513
1594,281,2,2014,917
1595,281,2,2014,1246
1596,281,3,2014,268
1597,281,3,2014,323
1598,281,1,2014,921
1599,281,1,2014,1093
1600,281,2,2015,922
1601,281,2,2015,1100
1602,281,3,2015,924
1603,281,3,2015,1101
1604,281,4,2015,498
1605,281,4,2015,401
1606,281,1,2015,1102
1607,281,1,2015,518
1608,281,2,2016,913
1609,281,2,2016,519
1610,281,3,2016,914
1611,281,3,2016,521
1612,281,3,2016,512
1613,281,1,2016,516
1614,281,2,2017,513
1615,281,3,2017,511
1616,281,3,2017,517
1617,285,4,2018,321
1618,285,4,2018,1076
1619,285,4,2018,109
1620,285,3,2019,160
1621,285,4,2019,322
1622,289,1,2016,921
1623,289,1,2016,516
1624,289,2,2017,922
1625,289,2,2017,1100
1626,289,2,2017,507
1627,289,3,2017,924
1628,289,3,2017,518
1629,289,3,2017,1093
1630,289,4,2017,1246
1631,289,4,2017,268
1632,289,1,2017,926
1633,289,1,2017,1101
1634,289,1,2017,519
1635,289,2,2018,914
1636,289,2,2018,1102
1637,289,2,2018,521
1638,289,2,2018,512
1639,289,3,2018,913
1640,289,3,2018,520
1641,289,3,2018,513
1642,289,4,2018,517
1643,289,4,2018,510
1644,289,1,2018,508
1645,289,2,2019,511
1646,293,1,2014,917
1647,293,1,2014,266
1648,293,1,2014,505
1649,293,2,2015,921
1650,293,2,2015,1246
1651,293,2,2015,1094
1652,293,3,2015,922
1653,293,3,2015,268
1654,293,3,2015,1100
1655,293,3,2015,507
1656,293,4,2015,516
1657,293,4,2015,498
1658,293,1,2015,924
1659,293,1,2015,1101
1660,293,1,2015,518
1661,293,1,2015,520
1662,293,2,2016,926
1663,293,2,2016,1102
1664,293,2,2016,519
1665,293,2,2016,511
1666,293,3,2016,913
1667,293,3,2016,521
1668,293,3,2016,512
1669,293,3,2016,513
1670,293,4,2016,914
1671,294,2,2018,516
1672,294,2,2018,517
1673,294,3,2018,914
1674,294,3,2018,520
1675,294,3,2018,513
1676,298,2,2016,922
1677,298,2,2016,1100
1678,298,2,2016,505
1679,298,3,2016,924
1680,298,3,2016,1100
1681,298,3,2016,507
1682,298,3,2016,1093
1683,298,4,2016,498
1684,298,1,2016,926
1685,298,1,2016,1101
1686,298,1,2016,516
1687,298,2,2017,913
1688,298,2,2017,1102
1689,298,3,2017,914
1690,298,3,2017,518
1691,298,3,2017,266
1692,298,4,2017,1246
1693,298,4,2017,401
1694,298,1,2017,521
1695,298,1,2017,508
1696,298,1,2017,268
1697,298,2,2018,513
1698,298,2,2018,517
1699,298,2,2018,519
1700,298,3,2018,511
1701,298,3,2018,512
1702,298,3,2018,520
1703,302,2,2018,922
1704,302,2,2018,266
1705,302,2,2018,507
1706,302,3,2018,924
1707,302,3,2018,1246
1708,302,3,2018,1100
1709,302,1,2018,926
1710,302,1,2018,518
1711,302,1,2018,1101
1712,302,1,2018,1093
1713,302,2,2019,1102
1714,302,2,2019,519
1715,302,2,2019,513
1716,302,3,2019,913
1717,302,3,2019,520
1718,302,3,2019,521
1719,306,2,2018,917
1720,306,2,2018,343
1721,306,3,2018,921
1722,306,3,2018,349
1723,306,4,2018,922
1724,306,1,2018,919
1725,306,1,2018,344
1726,306,1,2018,1329
1727,306,1,2018,1100
1728,306,3,2019,347
1729,308,2,2018,490
1730,309,2,2018,490
1731,309,1,2018,1097
1732,309,2,2019,1101
1733,309,3,2019,1102
1734,314,2,2018,490
1735,314,1,2018,1097
1736,314,2,2019,1101
1737,314,3,2019,1102
1738,315,2,2018,490
1739,315,1,2018,1097
1740,315,2,2019,1101
1741,315,3,2019,1102
1742,323,2,2018,922
1743,323,2,2018,1246
1744,323,2,2018,507
1745,323,3,2018,924
1746,323,3,2018,268
1747,323,3,2018,1100
1748,323,3,2018,1093
1749,323,4,2018,926
1750,323,1,2018,914
1751,323,1,2018,1101
1752,323,1,2018,349
1753,323,2,2019,913
1754,323,2,2019,1102
1755,323,2,2019,344
1756,323,2,2019,1329
1757,323,3,2019,518
1758,323,3,2019,509
1759,323,3,2019,513
1760,323,4,2019,517
1761,323,4,2019,401
1762,327,2,2018,917
1763,327,2,2018,349
1764,327,3,2018,921
1765,327,3,2018,344
1766,327,3,2018,1329
1767,331,2,2018,916
1768,331,2,2018,266
1769,331,3,2018,917
1770,331,3,2018,1071
1771,331,4,2018,921
1772,331,1,2018,1246
1773,331,2,2019,268
1774,331,1,2019,270
1775,331,2,2020,271
1776,331,3,2020,272
1777,331,4,2020,400
1778,331,4,2020,322
1779,335,2,2018,922
1780,335,2,2018,507
1781,335,3,2018,349
1782,335,3,2018,1100
1783,335,3,2018,924
1784,335,4,2018,926
1785,335,1,2018,509
1786,335,1,2018,913
1787,335,1,2018,1101
1788,335,2,2019,914
1789,335,2,2019,1102
1790,335,3,2019,517
1791,335,3,2019,510
1792,335,3,2019,513
1793,339,1,2017,502
1794,339,1,2017,924
1795,339,1,2017,343
1796,339,2,2018,349
1797,339,3,2018,344
1798,339,3,2018,1329
1799,339,1,2018,400
1800,339,2,2019,919
1801,339,3,2019,347
1802,339,3,2019,913
1803,343,2,2018,917
1804,343,2,2018,1246
1805,343,2,2018,604
1806,343,3,2018,921
1807,343,3,2018,268
1808,343,3,2018,1094
1809,343,4,2018,922
1810,343,1,2018,924
1811,343,1,2018,1100
1812,343,1,2018,505
1813,343,2,2019,926
1814,343,2,2019,492
1815,343,2,2019,1101
1816,343,2,2019,1093
1817,343,3,2019,1102
1818,343,3,2019,712
1819,343,4,2019,914
1820,343,4,2019,516
1821,343,1,2019,508
1822,343,1,2019,507
1823,343,1,2019,518
1824,343,2,2020,519
1825,343,2,2020,513
1826,343,2,2020,913
1827,343,3,2020,521
1828,343,3,2020,517
1829,347,2,2018,921
1830,347,2,2018,490
1831,347,2,2018,343
1832,347,3,2018,922
1833,347,3,2018,349
1834,347,3,2018,1100
1835,347,1,2018,344
1836,347,1,2018,1329
1837,347,1,2018,924
1838,347,1,2018,1100
1839,347,2,2019,913
1840,347,2,2019,1101
1841,347,3,2019,347
1842,347,3,2019,1102
1843,351,2,2018,916
1844,351,2,2018,490
1845,351,2,2018,266
1846,351,2,2018,1093
1847,351,3,2018,917
1848,351,3,2018,505
1849,351,3,2018,1246
1850,351,4,2018,921
1851,351,4,2018,1094
1852,351,4,2018,507
1853,351,1,2018,922
1854,351,1,2018,1100
1855,351,1,2018,349
1856,351,2,2019,924
1857,351,2,2019,1101
1858,351,2,2019,344
1859,351,2,2019,1329
1860,351,3,2019,926
1861,351,3,2019,1102
1862,351,3,2019,913
1863,351,4,2019,914
1864,351,4,2019,517
1865,351,4,2017,917
1866,351,1,2017,505
1867,351,1,2017,266
1868,351,2,2018,921
1869,351,2,2018,507
1870,351,2,2018,1246
1871,351,3,2018,922
1872,351,3,2018,401
1873,351,3,2018,268
1874,351,4,2018,924
1875,351,4,2018,1094
1876,356,2,2018,916
1877,356,2,2018,343
1878,356,3,2018,917
1879,356,3,2018,349
1880,356,3,2018,1076
1881,356,1,2018,921
1882,356,1,2018,344
1883,356,1,2018,1329
1884,356,1,2018,109
1885,356,2,2019,922
1886,356,2,2019,1094
1887,356,3,2019,919
1888,356,3,2019,347
1889,360,2,2018,924
1890,360,2,2018,492
1891,360,3,2018,345
1892,360,3,2018,913
1893,360,1,2018,1100
1894,361,2,2019,1097
1895,361,3,2019,1101
1896,361,1,2019,1102
1897,361,1,2017,855
1898,361,1,2017,858
1899,361,2,2018,859
1900,361,3,2018,856
1901,361,3,2018,286
1902,361,1,2018,343
1903,361,1,2018,857
1904,361,2,2019,349
1905,361,2,2019,861
1906,365,2,2018,922
1907,365,2,2018,1093
1908,365,2,2018,505
1909,365,2,2018,498
1910,365,3,2018,924
1911,365,3,2018,1100
1912,365,3,2018,507
1913,365,1,2018,913
1914,365,1,2018,1101
1915,365,2,2019,914
1916,365,2,2019,519
1917,365,2,2019,1102
1918,365,3,2019,521
1919,365,3,2019,1246
1920,365,1,2019,268
1921,369,2,2018,917
1922,369,2,2018,266
1923,369,2,2018,516
1924,369,3,2018,921
1925,369,3,2018,1246
1926,369,3,2018,507
1927,369,3,2018,401
1928,369,4,2018,922
1929,369,4,2018,1094
1930,369,1,2018,924
1931,369,1,2018,518
1932,369,1,2018,1100
1933,369,2,2019,268
1934,369,2,2019,1101
1935,369,2,2019,519
1936,369,2,2019,926
1937,369,3,2019,913
1938,369,3,2019,1102
1939,369,3,2019,521
1940,369,3,2019,513
1941,369,4,2019,914
1942,373,2,2018,490
1943,373,2,2018,401
1944,373,3,2018,916
1945,373,3,2018,266
1946,373,3,2018,505
1947,373,4,2018,917
1948,373,4,2018,1094
1949,373,4,2018,349
1950,373,1,2018,921
1951,373,1,2018,1246
1952,373,1,2018,507
1953,373,2,2019,922
1954,373,2,2019,1094
1955,373,2,2019,1093
1956,373,3,2019,924
1957,373,3,2019,1100
1958,373,3,2019,344
1959,373,3,2019,1329
1960,373,4,2019,926
1961,373,1,2019,914
1962,373,1,2019,1101
1963,373,1,2019,518
1964,373,2,2020,913
1965,373,2,2020,1102
1966,373,2,2020,511
1967,373,3,2020,517
1968,373,3,2020,510
1969,373,3,2020,513
1970,377,1,2017,266
1971,377,2,2018,916
1972,377,2,2018,505
1973,377,2,2018,1246
1974,377,3,2018,917
1975,377,3,2018,268
1976,377,3,2018,1094
1977,377,1,2018,922
1978,377,1,2018,507
1979,377,1,2018,1100
1980,377,2,2019,924
1981,377,2,2019,1101
1982,377,3,2019,926
1983,377,3,2019,1102
1984,377,3,2019,518
1985,377,1,2019,913
1986,377,1,2019,519
1987,377,1,2019,516
1988,377,2,2020,521
1989,377,2,2020,914
1990,377,3,2020,513
1991,377,3,2020,517
1992,378,2,2018,514
1993,378,3,2018,916
1994,378,3,2018,514
1995,378,4,2018,917
1996,378,1,2018,921
1997,378,1,2018,1094
1998,378,2,2019,922
1999,378,2,2019,1101
2000,378,3,2019,924
2001,378,3,2019,1093
2002,378,4,2019,266
2003,378,1,2019,926
2004,378,1,2019,1102
2005,378,2,2020,913
2006,378,2,2020,518
2007,378,3,2020,914
2008,378,3,2020,519
2009,378,1,2020,521
2010,378,2,2021,1246
2011,378,3,2021,268
2012,384,2,2018,490
2013,384,3,2018,916
2014,384,3,2018,266
2015,384,3,2018,505
2016,384,1,2018,917
2017,384,1,2018,1246
2018,384,1,2018,1094
2019,384,2,2019,921
2020,384,2,2019,507
2021,384,2,2019,1246
2022,384,3,2019,922
2023,384,3,2019,401
2024,384,1,2019,924
2025,384,1,2019,1100
2026,384,2,2020,926
2027,384,2,2020,1101
2028,384,2,2020,518
2029,384,2,2020,1093
2030,384,3,2020,913
2031,384,3,2020,1102
2032,384,3,2020,519
2033,384,1,2020,914
2034,384,2,2021,519
2035,388,2,2018,490
2036,388,2,2018,916
2037,388,3,2018,917
2038,388,3,2018,505
2039,388,3,2018,268
2040,388,4,2018,921
2041,388,4,2018,1094
2042,388,1,2018,922
2043,388,1,2018,1100
2044,388,1,2018,507
2045,388,2,2019,924
2046,388,2,2019,1101
2047,388,2,2019,401
2048,388,3,2019,926
2049,388,3,2019,1102
2050,388,3,2019,518
2051,388,4,2019,914
2052,388,4,2019,516
2053,388,1,2019,913
2054,388,1,2019,519
2055,388,1,2019,508
2056,388,2,2020,521
2057,388,2,2020,513
2058,388,3,2020,520
2059,388,3,2020,511
2060,388,3,2020,517
2061,389,2,2018,490
2062,389,1,2018,1097
2063,389,2,2019,1101
2064,389,3,2019,1102
2065,393,4,2016,498
2066,393,1,2016,914
2067,393,1,2016,519
2068,393,1,2016,784
2069,393,2,2017,1101
2070,393,2,2017,521
2071,393,2,2017,1093
2072,393,3,2017,1102
2073,393,3,2017,520
2074,393,3,2017,512
2075,397,4,2017,507
2076,397,1,2017,508
2077,397,1,2017,520
2078,397,2,2018,516
2079,397,2,2018,513
2080,397,2,2018,519
2081,397,3,2018,521
2082,397,3,2018,511
2083,397,3,2018,512
2084,397,4,2018,517
2085,397,4,2018,513
2086,398,3,2016,921
2087,398,3,2016,1246
2088,398,3,2016,507
2089,398,4,2016,922
2090,398,4,2016,268
2091,398,4,2016,498
2092,398,1,2016,924
2093,398,1,2016,1100
2094,398,1,2016,518
2095,398,1,2016,516
2096,398,2,2017,926
2097,398,2,2017,1101
2098,398,2,2017,1093
2099,398,2,2017,519
2100,398,2,2017,513
2101,398,3,2017,913
2102,398,3,2017,1102
2103,398,3,2017,521
2104,398,3,2017,512
2105,398,4,2017,914
2106,402,1,2017,913
2107,402,1,2017,507
2108,402,1,2017,508
2109,402,2,2018,519
2110,402,2,2018,513
2111,402,2,2018,517
2112,402,3,2018,521
2113,402,3,2018,520
2114,402,3,2018,511
2115,402,1,2018,512
2116,403,4,2017,914
2117,403,4,2017,517
2118,403,4,2017,510
2119,403,1,2017,519
2120,403,1,2017,520
2121,403,1,2017,508
2122,403,2,2018,513
2123,403,2,2018,516
2124,403,2,2018,512
2125,403,2,2018,401
2126,403,3,2018,521
2127,403,3,2018,511
2128,407,3,2015,493
2129,407,3,2015,916
2130,407,3,2015,264
2131,407,1,2015,919
2132,407,1,2015,191
2133,407,1,2015,265
2134,407,2,2016,1133
2135,407,2,2016,199
2136,407,2,2016,322
2137,407,3,2016,200
2138,407,3,2016,1134
2139,407,3,2016,323
2140,407,1,2016,201
2141,407,1,2016,1155
2142,407,1,2016,784
2143,408,3,2015,493
2144,408,3,2015,1133
2145,408,3,2015,264
2146,408,1,2015,322
2147,408,1,2015,1134
2148,408,1,2015,191
2149,408,2,2016,199
2150,408,3,2016,200
2151,408,4,2016,919
2152,408,1,2016,201
2153,412,3,2017,926
2154,412,3,2017,502
2155,412,3,2017,271
2156,412,3,2017,1094
2157,412,3,2017,195
2158,412,1,2017,1100
2159,412,1,2017,924
2160,412,1,2017,505
2161,412,2,2018,926
2162,412,2,2018,507
2163,412,2,2018,1101
2164,412,3,2018,518
2165,412,3,2018,1102
2166,416,3,2015,921
2167,416,3,2015,1170
2168,416,2,2016,264
2169,416,2,2016,1133
2170,420,2,2018,916
2171,420,2,2018,266
2172,420,2,2018,492
2173,420,3,2018,917
2174,420,3,2018,1071
2175,420,3,2018,1133
2176,420,4,2018,921
2177,420,1,2018,193
2178,420,1,2018,1246
2179,420,2,2019,268
2180,420,2,2019,195
2181,420,3,2019,197
2182,420,3,2019,269
2183,420,4,2019,199
2184,420,1,2019,270
2185,420,1,2019,200
2186,420,2,2020,271
2187,420,3,2020,272
2188,420,3,2020,201
2189,420,4,2020,400
2190,420,4,2020,322
2191,424,3,2017,1246
2192,424,3,2017,367
2193,424,4,2017,268
2194,424,4,2017,516
2195,424,1,2017,1100
2196,424,1,2017,508
2197,424,2,2018,1101
2198,424,2,2018,513
2199,424,2,2018,517
2200,424,3,2018,1102
2201,424,3,2018,921
2202,428,1,2016,914
2203,428,1,2016,1100
2204,428,1,2016,518
2205,428,2,2017,913
2206,428,2,2017,1101
2207,428,2,2017,519
2208,428,3,2017,513
2209,428,3,2017,1102
2210,428,3,2017,521
2211,428,3,2017,912
2212,432,2,2014,916
2213,432,2,2014,505
2214,432,2,2014,266
2215,432,3,2014,917
2216,432,3,2014,1246
2217,432,4,2014,921
2218,432,4,2014,1094
2219,432,1,2014,922
2220,432,1,2014,268
2221,432,1,2014,507
2222,432,2,2015,924
2223,432,2,2015,1100
2224,432,3,2015,926
2225,432,3,2015,1101
2226,432,3,2015,518
2227,432,1,2015,1102
2228,432,1,2015,519
2229,432,1,2015,520
2230,432,2,2016,914
2231,432,2,2016,521
2232,432,3,2016,913
2233,432,3,2016,513
2234,436,2,2014,917
2235,436,2,2014,1246
2236,436,3,2014,268
2237,436,3,2014,323
2238,436,1,2014,921
2239,436,1,2014,1093
2240,436,2,2015,922
2241,436,2,2015,1100
2242,436,3,2015,924
2243,436,3,2015,1101
2244,436,4,2015,498
2245,436,4,2015,401
2246,436,1,2015,1102
2247,436,1,2015,518
2248,436,2,2016,913
2249,436,2,2016,519
2250,436,3,2016,914
2251,436,3,2016,521
2252,436,3,2016,512
2253,436,1,2016,516
2254,436,2,2017,513
2255,436,3,2017,511
2256,436,3,2017,517
2257,440,4,2018,321
2258,440,4,2018,1076
2259,440,4,2018,109
2260,440,3,2019,160
2261,440,4,2019,322
2262,444,1,2016,921
2263,444,1,2016,516
2264,444,2,2017,922
2265,444,2,2017,1100
2266,444,2,2017,507
2267,444,3,2017,924
2268,444,3,2017,518
2269,444,3,2017,1093
2270,444,4,2017,1246
2271,444,4,2017,268
2272,444,1,2017,926
2273,444,1,2017,1101
2274,444,1,2017,519
2275,444,2,2018,914
2276,444,2,2018,1102
2277,444,2,2018,521
2278,444,2,2018,512
2279,444,3,2018,913
2280,444,3,2018,520
2281,444,3,2018,513
2282,444,4,2018,517
2283,444,4,2018,510
2284,444,1,2018,508
2285,444,2,2019,511
2286,448,1,2014,917
2287,448,1,2014,266
2288,448,1,2014,505
2289,448,2,2015,921
2290,448,2,2015,1246
2291,448,2,2015,1094
2292,448,3,2015,922
2293,448,3,2015,268
2294,448,3,2015,1100
2295,448,3,2015,507
2296,448,4,2015,516
2297,448,4,2015,498
2298,448,1,2015,924
2299,448,1,2015,1101
2300,448,1,2015,518
2301,448,1,2015,520
2302,448,2,2016,926
2303,448,2,2016,1102
2304,448,2,2016,519
2305,448,2,2016,511
2306,448,3,2016,913
2307,448,3,2016,521
2308,448,3,2016,512
2309,448,3,2016,513
2310,448,4,2016,914
2311,449,2,2018,516
2312,449,2,2018,517
2313,449,3,2018,914
2314,449,3,2018,520
2315,449,3,2018,513
2316,453,2,2016,922
2317,453,2,2016,1100
2318,453,2,2016,505
2319,453,3,2016,924
2320,453,3,2016,1100
2321,453,3,2016,507
2322,453,3,2016,1093
2323,453,4,2016,498
2324,453,1,2016,926
2325,453,1,2016,1101
2326,453,1,2016,516
2327,453,2,2017,913
2328,453,2,2017,1102
2329,453,3,2017,914
2330,453,3,2017,518
2331,453,3,2017,266
2332,453,4,2017,1246
2333,453,4,2017,401
2334,453,1,2017,521
2335,453,1,2017,508
2336,453,1,2017,268
2337,453,2,2018,513
2338,453,2,2018,517
2339,453,2,2018,519
2340,453,3,2018,511
2341,453,3,2018,512
2342,453,3,2018,520
2343,457,2,2018,922
2344,457,2,2018,266
2345,457,2,2018,507
2346,457,3,2018,924
2347,457,3,2018,1246
2348,457,3,2018,1100
2349,457,1,2018,926
2350,457,1,2018,518
2351,457,1,2018,1101
2352,457,1,2018,1093
2353,457,2,2019,1102
2354,457,2,2019,519
2355,457,2,2019,513
2356,457,3,2019,913
2357,457,3,2019,520
2358,457,3,2019,521
2359,461,2,2018,917
2360,461,2,2018,343
2361,461,3,2018,921
2362,461,3,2018,349
2363,461,4,2018,922
2364,461,1,2018,919
2365,461,1,2018,344
2366,461,1,2018,1329
2367,461,1,2018,1100
2368,461,3,2019,347
2369,463,2,2018,490
2370,463,1,2018,1097
2371,463,2,2019,1101
2372,463,3,2019,1102
2373,471,2,2018,922
2374,471,2,2018,1246
2375,471,2,2018,507
2376,471,3,2018,924
2377,471,3,2018,268
2378,471,3,2018,1100
2379,471,3,2018,1093
2380,471,4,2018,926
2381,471,1,2018,914
2382,471,1,2018,1101
2383,471,1,2018,349
2384,471,2,2019,913
2385,471,2,2019,1102
2386,471,2,2019,344
2387,471,2,2019,1329
2388,471,3,2019,518
2389,471,3,2019,509
2390,471,3,2019,513
2391,471,4,2019,517
2392,471,4,2019,401
2393,475,2,2018,917
2394,475,2,2018,349
2395,475,3,2018,921
2396,475,3,2018,344
2397,475,3,2018,1329
2398,479,2,2018,916
2399,479,2,2018,266
2400,479,3,2018,917
2401,479,3,2018,1071
2402,479,4,2018,921
2403,479,1,2018,1246
2404,479,2,2019,268
2405,479,1,2019,270
2406,479,2,2020,271
2407,479,3,2020,272
2408,479,4,2020,400
2409,479,4,2020,322
2410,483,2,2018,922
2411,483,2,2018,507
2412,483,3,2018,349
2413,483,3,2018,1100
2414,483,3,2018,924
2415,483,4,2018,926
2416,483,1,2018,509
2417,483,1,2018,913
2418,483,1,2018,1101
2419,483,2,2019,914
2420,483,2,2019,1102
2421,483,3,2019,517
2422,483,3,2019,510
2423,483,3,2019,513
2424,487,1,2017,502
2425,487,1,2017,924
2426,487,1,2017,343
2427,487,2,2018,349
2428,487,3,2018,344
2429,487,3,2018,1329
2430,487,1,2018,400
2431,487,2,2019,919
2432,487,3,2019,347
2433,487,3,2019,913
2434,491,2,2018,917
2435,491,2,2018,1246
2436,491,2,2018,604
2437,491,3,2018,921
2438,491,3,2018,268
2439,491,3,2018,1094
2440,491,4,2018,922
2441,491,1,2018,924
2442,491,1,2018,1100
2443,491,1,2018,505
2444,491,2,2019,926
2445,491,2,2019,492
2446,491,2,2019,1101
2447,491,2,2019,1093
2448,491,3,2019,1102
2449,491,3,2019,712
2450,491,4,2019,914
2451,491,4,2019,516
2452,491,1,2019,508
2453,491,1,2019,507
2454,491,1,2019,518
2455,491,2,2020,519
2456,491,2,2020,513
2457,491,2,2020,913
2458,491,3,2020,521
2459,491,3,2020,517
2460,495,2,2018,921
2461,495,2,2018,490
2462,495,2,2018,343
2463,495,3,2018,922
2464,495,3,2018,349
2465,495,3,2018,1100
2466,495,1,2018,344
2467,495,1,2018,1329
2468,495,1,2018,924
2469,495,1,2018,1100
2470,495,2,2019,913
2471,495,2,2019,1101
2472,495,3,2019,347
2473,495,3,2019,1102
2474,499,2,2018,916
2475,499,2,2018,490
2476,499,2,2018,266
2477,499,2,2018,1093
2478,499,3,2018,917
2479,499,3,2018,505
2480,499,3,2018,1246
2481,499,4,2018,921
2482,499,4,2018,1094
2483,499,4,2018,507
2484,499,1,2018,922
2485,499,1,2018,1100
2486,499,1,2018,349
2487,499,2,2019,924
2488,499,2,2019,1101
2489,499,2,2019,344
2490,499,2,2019,1329
2491,499,3,2019,926
2492,499,3,2019,1102
2493,499,3,2019,913
2494,499,4,2019,914
2495,499,4,2019,517
2496,499,4,2017,917
2497,499,1,2017,505
2498,499,1,2017,266
2499,499,2,2018,921
2500,499,2,2018,507
2501,499,2,2018,1246
2502,499,3,2018,922
2503,499,3,2018,401
2504,499,3,2018,268
2505,499,4,2018,924
2506,499,4,2018,1094
2507,504,2,2018,916
2508,504,2,2018,343
2509,504,3,2018,917
2510,504,3,2018,349
2511,504,3,2018,1076
2512,504,1,2018,921
2513,504,1,2018,344
2514,504,1,2018,1329
2515,504,1,2018,109
2516,504,2,2019,922
2517,504,2,2019,1094
2518,504,3,2019,919
2519,504,3,2019,347
2520,508,2,2018,924
2521,508,2,2018,492
2522,508,3,2018,345
2523,508,3,2018,913
2524,508,1,2018,1100
2525,509,2,2019,1097
2526,509,3,2019,1101
2527,509,1,2019,1102
2528,509,1,2017,855
2529,509,1,2017,858
2530,509,2,2018,859
2531,509,3,2018,856
2532,509,3,2018,286
2533,509,1,2018,343
2534,509,1,2018,857
2535,509,2,2019,349
2536,509,2,2019,861
2537,513,2,2018,922
2538,513,2,2018,1093
2539,513,2,2018,505
2540,513,2,2018,498
2541,513,3,2018,924
2542,513,3,2018,1100
2543,513,3,2018,507
2544,513,1,2018,913
2545,513,1,2018,1101
2546,513,2,2019,914
2547,513,2,2019,519
2548,513,2,2019,1102
2549,513,3,2019,521
2550,513,3,2019,1246
2551,513,1,2019,268
2552,517,2,2018,917
2553,517,2,2018,266
2554,517,2,2018,516
2555,517,3,2018,921
2556,517,3,2018,1246
2557,517,3,2018,507
2558,517,3,2018,401
2559,517,4,2018,922
2560,517,4,2018,1094
2561,517,1,2018,924
2562,517,1,2018,518
2563,517,1,2018,1100
2564,517,2,2019,268
2565,517,2,2019,1101
2566,517,2,2019,519
2567,517,2,2019,926
2568,517,3,2019,913
2569,517,3,2019,1102
2570,517,3,2019,521
2571,517,3,2019,513
2572,517,4,2019,914
2573,521,2,2018,490
2574,521,2,2018,401
2575,521,3,2018,916
2576,521,3,2018,266
2577,521,3,2018,505
2578,521,4,2018,917
2579,521,4,2018,1094
2580,521,4,2018,349
2581,521,1,2018,921
2582,521,1,2018,1246
2583,521,1,2018,507
2584,521,2,2019,922
2585,521,2,2019,1094
2586,521,2,2019,1093
2587,521,3,2019,924
2588,521,3,2019,1100
2589,521,3,2019,344
2590,521,3,2019,1329
2591,521,4,2019,926
2592,521,1,2019,914
2593,521,1,2019,1101
2594,521,1,2019,518
2595,521,2,2020,913
2596,521,2,2020,1102
2597,521,2,2020,511
2598,521,3,2020,517
2599,521,3,2020,510
2600,521,3,2020,513
2601,525,1,2017,266
2602,525,2,2018,916
2603,525,2,2018,505
2604,525,2,2018,1246
2605,525,3,2018,917
2606,525,3,2018,268
2607,525,3,2018,1094
2608,525,1,2018,922
2609,525,1,2018,507
2610,525,1,2018,1100
2611,525,2,2019,924
2612,525,2,2019,1101
2613,525,3,2019,926
2614,525,3,2019,1102
2615,525,3,2019,518
2616,525,1,2019,913
2617,525,1,2019,519
2618,525,1,2019,516
2619,525,2,2020,521
2620,525,2,2020,914
2621,525,3,2020,513
2622,525,3,2020,517
2623,526,2,2018,514
2624,526,3,2018,916
2625,526,3,2018,514
2626,526,4,2018,917
2627,526,1,2018,921
2628,526,1,2018,1094
2629,526,2,2019,922
2630,526,2,2019,1101
2631,526,3,2019,924
2632,526,3,2019,1093
2633,526,4,2019,266
2634,526,1,2019,926
2635,526,1,2019,1102
2636,526,2,2020,913
2637,526,2,2020,518
2638,526,3,2020,914
2639,526,3,2020,519
2640,526,1,2020,521
2641,526,2,2021,1246
2642,526,3,2021,268
2643,532,2,2018,490
2644,532,3,2018,916
2645,532,3,2018,266
2646,532,3,2018,505
2647,532,1,2018,917
2648,532,1,2018,1246
2649,532,1,2018,1094
2650,532,2,2019,921
2651,532,2,2019,507
2652,532,2,2019,1246
2653,532,3,2019,922
2654,532,3,2019,401
2655,532,1,2019,924
2656,532,1,2019,1100
2657,532,2,2020,926
2658,532,2,2020,1101
2659,532,2,2020,518
2660,532,2,2020,1093
2661,532,3,2020,913
2662,532,3,2020,1102
2663,532,3,2020,519
2664,532,1,2020,914
2665,532,2,2021,519
2666,536,2,2018,490
2667,536,2,2018,916
2668,536,3,2018,917
2669,536,3,2018,505
2670,536,3,2018,268
2671,536,4,2018,921
2672,536,4,2018,1094
2673,536,1,2018,922
2674,536,1,2018,1100
2675,536,1,2018,507
2676,536,2,2019,924
2677,536,2,2019,1101
2678,536,2,2019,401
2679,536,3,2019,926
2680,536,3,2019,1102
2681,536,3,2019,518
2682,536,4,2019,914
2683,536,4,2019,516
2684,536,1,2019,913
2685,536,1,2019,519
2686,536,1,2019,508
2687,536,2,2020,521
2688,536,2,2020,513
2689,536,3,2020,520
2690,536,3,2020,511
2691,536,3,2020,517
